Токен;Возможные теги;Частота в train
▁;BRAND, O, TYPE;3071
е;BRAND, O, TYPE;993
▁с;BRAND, O, TYPE;948
ки;BRAND, O, TYPE;769
к;BRAND, O, TYPE;750
о;BRAND, O, TYPE;748
ка;BRAND, O, TYPE;711
а;BRAND, O, TYPE;708
▁для;O, TYPE;679
и;BRAND, O, TYPE;662
ы;BRAND, O, TYPE;654
н;BRAND, O, TYPE;574
ная;BRAND, O, TYPE;547
▁сыр;BRAND, O, TYPE;497
ные;BRAND, O, TYPE;449
я;BRAND, O, TYPE;449
й;BRAND, O, TYPE;430
ь;BRAND, O, TYPE;418
ный;BRAND, O, TYPE;410
▁со;BRAND, O, TYPE;401
▁в;BRAND, O, TYPE;373
у;BRAND, O, TYPE;373
т;BRAND, O, TYPE;349
ны;BRAND, O, TYPE;324
п;BRAND, O, TYPE;306
▁о;BRAND, O, TYPE;304
ное;BRAND, O, TYPE;298
▁мор;BRAND, O, TYPE;272
то;BRAND, O, TYPE;272
ц;BRAND, O, TYPE;272
ч;BRAND, O, TYPE;266
▁на;BRAND, O, TYPE;264
в;BRAND, O, TYPE;259
ль;BRAND, O, TYPE;258
▁су;BRAND, O, TYPE;256
▁твор;BRAND, O, TYPE;251
ты;O, TYPE;250
м;BRAND, O, TYPE;250
с;BRAND, O, TYPE;248
▁по;BRAND, O, TYPE;243
цы;BRAND, O, TYPE;243
▁хлеб;BRAND, O, TYPE;233
л;BRAND, O, TYPE, VOLUME;233
▁кол;BRAND, O, TYPE;231
ли;BRAND, O, TYPE, VOLUME;229
.;BRAND, O, TYPE, VOLUME;228
ый;BRAND, O, TYPE;210
г;BRAND, O, TYPE;207
▁а;BRAND, O, TYPE;205
на;BRAND, O, TYPE;205
-;BRAND, O, TYPE;202
ок;BRAND, O, TYPE;195
ю;BRAND, O, TYPE;194
ф;BRAND, O, TYPE;192
р;BRAND, O, TYPE;190
х;BRAND, O, TYPE;190
▁без;BRAND, O, TYPE;190
че;O, TYPE;189
б;BRAND, O, TYPE;189
▁к;BRAND, O, TYPE;188
ни;BRAND, O, TYPE;188
ски;BRAND, O, TYPE;183
▁фр;BRAND, O, TYPE;179
но;BRAND, O, TYPE;175
▁кур;BRAND, O, TYPE;174
ле;BRAND, O, TYPE;173
ко;BRAND, O, TYPE;172
▁я;BRAND, O, TYPE;171
д;BRAND, O, TYPE;171
ов;BRAND, O, TYPE, VOLUME;171
ло;BRAND, O, TYPE;170
гур;BRAND, O, TYPE;169
ми;BRAND, O, TYPE;167
▁при;BRAND, O, TYPE;166
▁у;BRAND, O, TYPE;166
чки;BRAND, O, TYPE;165
▁па;BRAND, O, TYPE;164
▁са;BRAND, O, TYPE;160
▁п;BRAND, O, TYPE;158
ожен;BRAND, O, TYPE;156
ш;O, TYPE;154
▁гре;O, TYPE;152
▁ку;BRAND, O, TYPE;152
ог;BRAND, O, TYPE;152
▁и;BRAND, O, TYPE;147
,;BRAND, O, TYPE;143
▁бел;BRAND, O, TYPE;143
ла;BRAND, O, TYPE;142
нь;BRAND, O, TYPE;141
▁й;BRAND, O, TYPE;140
ков;BRAND, O, TYPE;139
▁крас;BRAND, O, TYPE;139
▁пече;O, TYPE;139
ж;BRAND, O, TYPE;139
чи;BRAND, O, TYPE;138
▁мя;BRAND, O, TYPE;137
▁гор;O, TYPE;137
▁сок;O, TYPE;136
лив;BRAND, O, TYPE;136
▁то;BRAND, O, TYPE;135
ель;BRAND, O, TYPE;134
▁че;BRAND, O, TYPE;134
сы;BRAND, O, TYPE;131
▁ко;BRAND, O, TYPE;131
▁вар;O, TYPE;130
коп;BRAND, O, TYPE;130
▁вода;O, TYPE;129
▁пере;BRAND, O, TYPE;126
▁кап;O, TYPE;124
▁из;BRAND, O, TYPE;120
тель;O, TYPE;120
▁пи;BRAND, O, TYPE;120
▁корм;O, TYPE;120
ст;BRAND, O, TYPE;119
ат;BRAND, O, TYPE;119
шка;BRAND, O, TYPE;118
шки;BRAND, O, TYPE;118
з;BRAND, O, TYPE;118
▁про;BRAND, O, TYPE;118
си;BRAND, O, TYPE;117
ом;O, TYPE;116
▁том;BRAND, O, TYPE;115
▁ба;BRAND, O, TYPE;115
ти;BRAND, O, TYPE;114
▁чай;BRAND, O, TYPE;114
ме;BRAND, O, TYPE;114
s;BRAND, O, TYPE;114
▁ми;BRAND, O, TYPE;113
ск;BRAND, O, TYPE;112
▁се;BRAND, O, TYPE;112
ку;BRAND, O, TYPE;112
со;BRAND, O, TYPE;111
▁за;BRAND, O, TYPE;110
ник;BRAND, O, TYPE;110
щ;O, TYPE;110
гу;BRAND, O, TYPE;110
ус;BRAND, O, TYPE;109
ва;BRAND, O, TYPE;107
▁кар;BRAND, O, TYPE;107
▁му;BRAND, O, TYPE;106
▁чи;BRAND, O, TYPE;106
▁под;BRAND, O, TYPE;106
▁го;BRAND, O, TYPE;105
▁сал;O, TYPE;105
гурт;O, TYPE;104
пель;O, TYPE;104
▁сме;BRAND, O, TYPE;103
ья;BRAND, O, TYPE;103
▁май;BRAND, TYPE;103
та;BRAND, O, TYPE;103
▁кор;BRAND, O, TYPE;102
овый;O, TYPE;101
ге;BRAND, O, TYPE;101
ше;BRAND, O, TYPE;101
▁мар;BRAND, O, TYPE;101
овые;O, TYPE;100
▁м;BRAND, O, TYPE;99
тон;BRAND, TYPE;98
▁ви;BRAND, O, TYPE;98
▁кара;BRAND, O, TYPE;98
▁сахар;O, TYPE;98
▁кофе;O, TYPE;98
ое;O, TYPE;97
▁до;BRAND, O, TYPE;97
ня;BRAND, O, TYPE;97
▁масло;O, TYPE;97
чка;BRAND, O, TYPE;97
▁си;BRAND, TYPE;97
▁мол;BRAND, O, TYPE;97
рож;BRAND, O, TYPE;96
▁мо;BRAND, O, TYPE;96
ники;BRAND, O, TYPE;96
▁т;BRAND, O, TYPE;96
▁салат;O, TYPE;96
▁рис;O, TYPE;95
▁рыб;O, TYPE;95
▁пер;BRAND, O, TYPE;95
▁та;BRAND, O, TYPE;94
очки;BRAND, O, TYPE;94
▁газ;O, TYPE;94
дор;BRAND, O, TYPE;94
▁шоколад;BRAND, O, TYPE;94
зер;BRAND, O, TYPE;94
лад;BRAND, O, TYPE;92
за;BRAND, O, TYPE;91
вы;O, TYPE;90
▁не;BRAND, O, TYPE;90
ной;BRAND, O, TYPE;90
го;BRAND, O, TYPE;90
ский;BRAND, O, TYPE;89
те;BRAND, O, TYPE;89
▁бу;BRAND, O, TYPE;89
▁чер;BRAND, O, TYPE;88
права;O, TYPE;88
▁коп;BRAND, O, TYPE;88
не;BRAND, O, TYPE;88
▁мы;O, TYPE;88
▁шам;O, TYPE;87
лен;BRAND, O, TYPE;87
▁каш;O, TYPE;87
яй;O, TYPE;87
ма;BRAND, O, TYPE;86
шек;O, TYPE;86
▁б;BRAND, O, TYPE;86
ики;BRAND, O, TYPE;85
ен;BRAND, O, TYPE;85
тик;BRAND, O, TYPE;84
до;BRAND, O, TYPE;84
очка;BRAND, O, TYPE;84
▁кра;BRAND, O, TYPE;84
га;BRAND, O, TYPE;83
▁молоко;BRAND, O, TYPE;83
ба;BRAND, O, TYPE;82
ук;BRAND, O, TYPE;82
▁кон;BRAND, O, TYPE;82
фет;O, TYPE;82
от;BRAND, O, TYPE;82
ая;BRAND, O, TYPE;82
▁от;BRAND, O, TYPE;81
ож;O, TYPE;81
соль;BRAND, O, TYPE;81
лаж;O, TYPE;81
ди;BRAND, O, TYPE;81
фи;BRAND, O, TYPE;80
моло;BRAND, O, TYPE;80
лет;BRAND, TYPE;80
сь;O, TYPE;79
ден;BRAND, O, TYPE;79
▁кру;BRAND, O, TYPE;78
▁г;BRAND, O, TYPE;78
▁ки;BRAND, O, TYPE;78
ец;BRAND, O, TYPE;78
оч;BRAND, O, TYPE;77
ская;BRAND, O, TYPE;75
фе;BRAND, O, TYPE;75
▁картоф;O, TYPE;74
e;BRAND, O, TYPE;74
▁кре;O, TYPE;74
▁шп;O, TYPE;74
жи;BRAND, O, TYPE;74
▁макар;O, TYPE;73
сно;O, TYPE;72
▁смета;O, TYPE;72
▁з;BRAND, O, TYPE;72
▁ма;BRAND, O, TYPE;72
ин;BRAND, O, TYPE;71
▁мас;BRAND, O, TYPE;71
кс;BRAND, O, TYPE;70
▁х;BRAND, O, TYPE;70
▁бр;BRAND, O, TYPE;70
рт;O, TYPE;70
▁лимон;BRAND, O, TYPE;70
ги;BRAND, O, TYPE;69
▁фил;BRAND, O, TYPE;69
он;BRAND, O, TYPE;69
▁ох;O, TYPE;68
▁крем;BRAND, O, TYPE;68
ирован;O, TYPE;68
лин;BRAND, O, TYPE;68
▁ка;BRAND, O, TYPE;67
ые;BRAND, O, TYPE;67
▁ван;BRAND, O, TYPE;66
▁бул;BRAND, O, TYPE;66
▁н;BRAND, O, TYPE;66
▁кот;BRAND, O, TYPE;66
ля;BRAND, O, TYPE;66
хар;O, TYPE;65
чный;BRAND, O, TYPE;65
сель;O, TYPE;65
ша;BRAND, O, TYPE;65
▁э;BRAND, O, TYPE;65
n;BRAND, O, TYPE;64
ке;BRAND, O, TYPE;64
ет;O, TYPE;63
цо;BRAND, O, TYPE;62
ий;BRAND, O, TYPE;62
дь;O, TYPE;62
по;BRAND, O, TYPE;62
▁ман;O, TYPE;62
▁пр;BRAND, O, TYPE;61
ры;BRAND, O, TYPE;61
мо;BRAND, O, TYPE;61
▁вет;O, TYPE;61
ши;BRAND, O, TYPE;61
ё;O, TYPE;60
чная;BRAND, O, TYPE;60
кра;BRAND, O, TYPE;60
o;BRAND, TYPE;60
пит;BRAND, O, TYPE;59
ик;BRAND, O, TYPE;59
ца;BRAND, O, TYPE;59
▁замор;O, TYPE;59
▁овощ;O, TYPE;59
▁пе;BRAND, O, TYPE;58
▁те;BRAND, O, TYPE;58
пи;BRAND, TYPE;58
▁полу;O, TYPE;58
▁ш;BRAND, O, TYPE;57
▁бумаг;O, TYPE;57
▁сви;O, TYPE;57
ком;BRAND, O, TYPE;57
▁пом;BRAND, O, TYPE;56
пе;BRAND, O, TYPE;56
▁тор;BRAND, O, TYPE;56
во;BRAND, O, TYPE;56
▁д;BRAND, O, TYPE;55
▁минерал;BRAND, TYPE;55
▁зелен;O, TYPE;54
ква;BRAND, O, TYPE;54
лак;BRAND, O, TYPE;54
▁е;BRAND, O, TYPE;54
▁фа;BRAND, O, TYPE;54
▁сло;BRAND, O, TYPE;54
же;BRAND, O, TYPE;54
кт;O, TYPE;54
▁детски;O, TYPE;54
уз;BRAND, O, TYPE;53
бо;BRAND, O, TYPE;53
мен;BRAND, O, TYPE;53
ас;BRAND, O, TYPE;53
жок;BRAND, TYPE;53
▁ай;BRAND, O, TYPE;53
пу;BRAND, O, TYPE;52
▁каб;BRAND, O, TYPE;52
▁сол;BRAND, O, TYPE;52
ливо;BRAND, TYPE;52
са;BRAND, O, TYPE;52
ри;BRAND, O, TYPE;52
▁же;BRAND, O, TYPE;52
▁ч;BRAND, O, TYPE;51
▁ро;BRAND, O, TYPE;51
▁тр;BRAND, O, TYPE;51
кор;BRAND, O, TYPE;51
▁посуд;O, TYPE;51
ви;BRAND, O, TYPE;50
стер;BRAND, O, TYPE;50
▁жи;BRAND, O, TYPE;50
марин;BRAND, TYPE;50
тер;BRAND, O, TYPE;50
ское;BRAND, O, TYPE;50
ина;BRAND, O, TYPE;50
▁сте;BRAND, O, TYPE;50
па;BRAND, O, TYPE;50
▁сухо;O, TYPE;50
лук;O, TYPE;50
йка;BRAND, TYPE;50
тка;BRAND, O, TYPE;49
▁пу;O, TYPE;49
▁средство;O, TYPE;49
чик;BRAND, TYPE;49
▁туалет;O, TYPE;49
▁набор;O, TYPE;49
t;BRAND, O, TYPE;48
инде;BRAND, O, TYPE;48
лап;BRAND, TYPE;48
▁би;BRAND, O, TYPE;48
▁зуб;O, TYPE;48
▁во;BRAND, O, TYPE;48
▁л;O, TYPE, VOLUME;47
леб;BRAND, O, TYPE;47
аф;BRAND, O, TYPE;47
▁пиро;BRAND, TYPE;47
мени;O, TYPE;47
i;BRAND, O, TYPE;47
▁комп;BRAND, O, TYPE;47
▁топ;O, TYPE;47
▁ту;BRAND, O, TYPE;47
сол;O, TYPE;46
▁орех;O, TYPE;46
бли;O, TYPE;46
▁хлоп;BRAND, TYPE;46
нд;BRAND, O, TYPE;46
нный;O, TYPE;46
▁консерв;O, TYPE;46
▁но;BRAND, O, TYPE;45
ха;O, TYPE;45
лы;O, TYPE;45
▁вкус;BRAND, O, TYPE;45
оры;O, TYPE;44
▁семе;BRAND, O, TYPE;44
ово;BRAND, O, TYPE;44
кер;O, TYPE;44
▁ди;BRAND, TYPE;44
▁пет;BRAND, TYPE;44
▁све;O, TYPE;44
э;BRAND, O, TYPE;44
▁р;BRAND, O, TYPE;44
вая;BRAND, TYPE;44
▁вер;BRAND, O, TYPE;44
ид;BRAND, O, TYPE;44
▁пакет;O, TYPE;44
чен;O, TYPE;43
руш;BRAND, TYPE;43
вар;BRAND, TYPE;43
ень;BRAND, O, TYPE;43
тир;BRAND, O, TYPE;43
жен;BRAND, O, TYPE;43
▁круп;BRAND, TYPE;43
прав;BRAND, O, TYPE;43
▁гриб;O, TYPE;43
блок;O, TYPE;43
▁тест;O, TYPE;43
▁e;BRAND, O;43
зе;BRAND, O, TYPE;43
бир;BRAND, O, TYPE;43
!;BRAND, O, TYPE;43
вя;BRAND, O, TYPE;43
ой;O, TYPE;43
▁мед;O, TYPE;42
тки;O, TYPE;42
жан;BRAND, O, TYPE;42
ика;BRAND, O, TYPE;42
▁мульти;BRAND, TYPE;42
ра;BRAND, O, TYPE;42
да;BRAND, O, TYPE;42
▁об;BRAND, O, TYPE;42
мы;O, TYPE;42
ил;BRAND, TYPE;42
очные;BRAND, TYPE;41
ска;BRAND, O, TYPE;41
се;O, TYPE;41
ть;O, TYPE;41
ские;BRAND, TYPE;41
ей;BRAND, O, TYPE;41
▁бак;O, TYPE;41
▁пан;BRAND, O, TYPE;41
тру;BRAND, TYPE;41
ено;O, TYPE;41
ия;BRAND, O, TYPE;41
нные;O, TYPE;41
су;O, TYPE;40
бас;O, TYPE;40
вся;O, TYPE;40
▁шаш;O, TYPE;40
a;BRAND, O, TYPE;40
▁ж;O, TYPE;40
рел;BRAND, O, TYPE;40
▁га;BRAND, O, TYPE;40
▁ф;BRAND, O, TYPE;40
▁труб;O, TYPE;40
нка;BRAND, TYPE;40
▁раз;O, TYPE;40
y;BRAND, O, TYPE;39
ру;O, TYPE;39
▁рас;BRAND, O, TYPE;39
ины;O, TYPE;39
сло;BRAND, O, TYPE;39
&;BRAND, O, TYPE;39
▁ну;BRAND, O, TYPE;39
бри;BRAND, O, TYPE;39
▁дро;O, TYPE;39
▁сне;BRAND, O, TYPE;39
▁ст;BRAND, O, TYPE;38
▁цена;BRAND, O, TYPE;38
▁черно;BRAND, O, TYPE;38
зо;O, TYPE;38
▁ще;BRAND, O, TYPE;38
ев;BRAND, O, TYPE;38
▁ли;BRAND, O, TYPE, VOLUME;38
▁суп;O, TYPE;38
▁шар;BRAND, O, TYPE;38
нов;BRAND, O, TYPE;38
1;BRAND, TYPE;37
ье;O, TYPE;37
мель;BRAND, O, TYPE;37
▁dr;BRAND, O;37
тин;BRAND, TYPE;37
ова;BRAND, TYPE;37
ды;O, TYPE;37
нки;BRAND, O, TYPE;37
ве;BRAND, O, TYPE;37
кол;BRAND, O, TYPE;37
ие;BRAND, O, TYPE;37
изован;O, TYPE;37
сс;O, TYPE;37
▁бе;BRAND, O, TYPE;36
▁кори;O, TYPE;36
ят;BRAND, O, TYPE;36
▁пар;BRAND, TYPE;36
ушки;BRAND, TYPE;36
▁de;BRAND, O, TYPE;36
▁лист;O, TYPE;36
сос;O, TYPE;36
лом;O, TYPE;36
▁спа;BRAND, O, TYPE;36
▁хал;BRAND, TYPE;35
▁влажн;O, TYPE;35
ир;O, TYPE;35
кл;O, TYPE;35
кой;O, TYPE;35
рох;BRAND, O, TYPE;34
▁де;BRAND, O, TYPE;34
сан;BRAND, TYPE;34
co;BRAND, O, TYPE;34
▁им;BRAND, O, TYPE;34
йки;O, TYPE;34
▁ру;BRAND, O, TYPE;34
▁сы;BRAND, O, TYPE;34
▁шо;BRAND, O, TYPE;34
▁пен;BRAND, O, TYPE;34
бу;O, TYPE;33
мягк;O, TYPE;33
ал;BRAND, O, TYPE;33
ско;BRAND, TYPE;33
ица;BRAND, TYPE;33
рь;BRAND, O, TYPE;33
рки;O, TYPE;33
др;O, TYPE;33
▁ча;BRAND, O, TYPE;33
▁клуб;BRAND, O, TYPE;33
ии;O, TYPE;32
▁гал;BRAND, TYPE;32
рус;BRAND, TYPE;32
пить;BRAND, TYPE;32
про;BRAND, TYPE;32
де;BRAND, O, TYPE;32
▁ре;BRAND, TYPE;32
фф;O, TYPE;32
ча;O, TYPE;32
клад;O, TYPE;32
▁крыш;O, TYPE;32
чне;O, TYPE;32
c;BRAND, O, TYPE;32
дина;BRAND, O, TYPE;32
оп;O, TYPE;32
▁фар;BRAND, O, TYPE;32
рош;O, TYPE;31
▁ня;BRAND, TYPE;31
оо;BRAND, O, TYPE;31
er;BRAND, O, TYPE;31
▁карт;O, TYPE;31
▁сти;O, TYPE;31
▁гри;BRAND, O, TYPE;31
ника;BRAND, O, TYPE;31
мк;BRAND, O, TYPE;31
▁ле;BRAND, O, TYPE;31
▁ар;BRAND, O, TYPE;31
доб;BRAND, TYPE;31
▁лу;BRAND, O, TYPE;31
кар;BRAND, TYPE;31
гер;BRAND, O, TYPE;31
▁a;BRAND, O;31
ница;BRAND, O, TYPE;31
сти;BRAND, O, TYPE;31
▁банан;O, TYPE;31
u;BRAND, O;30
лк;BRAND, O, TYPE;30
чий;BRAND, O, TYPE;30
пле;BRAND, TYPE;30
▁груд;O, TYPE;30
▁тре;O, TYPE;30
рин;BRAND, TYPE;30
гр;BRAND, O, TYPE;30
ант;BRAND, TYPE;30
нк;BRAND, O, TYPE;30
▁пыл;O, TYPE;30
дка;O, TYPE;30
r;BRAND, O;30
▁голуб;O, TYPE;30
шен;O, TYPE;30
▁la;BRAND, TYPE;30
вер;BRAND, O, TYPE;30
дар;BRAND, O, TYPE;30
▁фе;BRAND, O, TYPE;30
▁пас;O, TYPE;29
ит;BRAND, O, TYPE;29
▁да;BRAND, O, TYPE;29
нная;O, TYPE;29
иль;BRAND, O, TYPE;29
▁ха;BRAND, TYPE;29
▁ме;BRAND, O, TYPE;29
▁ра;BRAND, O, TYPE;29
l;BRAND, O;29
лено;BRAND, TYPE;28
овой;O, TYPE;28
x;BRAND, O;28
▁фи;BRAND, O, TYPE;28
to;BRAND, TYPE;28
ола;BRAND, O, TYPE;28
вой;O, TYPE;28
▁пят;O, TYPE;28
лё;O, TYPE;28
▁гру;O, TYPE;28
▁ги;O, TYPE;28
сто;BRAND, O, TYPE;28
▁бур;BRAND, O, TYPE;28
ами;O, TYPE;28
▁фен;BRAND, O, TYPE;28
сор;BRAND, O, TYPE;28
шей;O, TYPE;28
мом;O, TYPE;28
сты;BRAND, O, TYPE;28
бург;BRAND, O, TYPE;27
иров;O, TYPE;27
ер;BRAND, O, TYPE;27
ос;BRAND, O, TYPE;27
ьон;BRAND, O, TYPE;27
▁гр;O, TYPE, VOLUME;27
▁рол;BRAND, O, TYPE;27
гар;BRAND, TYPE;27
нут;BRAND, TYPE;27
▁детско;O, TYPE;27
▁стакан;O, TYPE;27
▁кры;BRAND, O, TYPE;27
син;O, TYPE;27
▁кош;O, TYPE;27
бло;O, TYPE;27
овое;O, TYPE;27
▁раст;O, TYPE;27
ён;O, TYPE;27
виш;O, TYPE;27
нде;BRAND, TYPE;27
лож;BRAND, TYPE;27
▁коре;BRAND, O, TYPE;27
▁ас;BRAND, O, TYPE;26
стр;BRAND, O, TYPE;26
ni;BRAND, O;26
▁мак;BRAND, O, TYPE;26
▁ла;BRAND, O, TYPE;26
кос;O, TYPE;26
сток;BRAND, O, TYPE;26
▁баг;O, TYPE;26
k;BRAND, O;26
лер;BRAND, TYPE;26
динг;BRAND, TYPE;26
эк;BRAND, TYPE;26
тк;BRAND, O, TYPE;26
▁ша;BRAND, O, TYPE;25
▁хр;BRAND, O, TYPE;25
▁слабо;O, TYPE;25
▁роз;BRAND, O, TYPE;25
▁мел;BRAND, TYPE;25
овы;O, TYPE;25
кола;O, TYPE;25
ko;BRAND, TYPE;25
чные;BRAND, TYPE;25
рия;BRAND, O, TYPE;25
▁кос;BRAND, O, TYPE;25
мол;BRAND, TYPE;25
вен;BRAND, TYPE;25
рез;O, TYPE;25
ун;BRAND, O, TYPE;25
гро;BRAND, TYPE;25
поло;BRAND, O, TYPE;25
ушка;BRAND, TYPE;25
▁био;BRAND, O, TYPE;25
сер;BRAND, O, TYPE;25
дин;BRAND, O, TYPE;25
лки;BRAND, O, TYPE;24
ад;O, TYPE;24
чая;BRAND, O, TYPE;24
арен;O, TYPE;24
чё;O, TYPE;24
▁стан;BRAND, TYPE;24
око;BRAND, O, TYPE;24
▁ци;BRAND, TYPE;24
стра;BRAND, TYPE;24
каль;O, TYPE;24
кий;O, TYPE;24
▁шок;BRAND, O, TYPE;24
вр;BRAND, O, TYPE;24
кв;O, TYPE;24
▁одно;O, TYPE;24
ka;BRAND, TYPE;24
или;O, TYPE;23
мя;BRAND, O, TYPE;23
▁бар;BRAND, O, TYPE;23
▁как;O, TYPE;23
чуп;BRAND, TYPE;23
бра;BRAND, O, TYPE;23
чист;O, TYPE;23
▁желе;O, TYPE;23
▁гу;BRAND, O, TYPE;23
ре;BRAND, O, TYPE;23
▁ве;BRAND, O, TYPE;23
ан;BRAND, TYPE;23
▁виноград;O, TYPE;23
f;BRAND, O, TYPE;23
ково;BRAND, TYPE;23
ников;BRAND, TYPE;23
▁ред;BRAND, TYPE;23
▁бара;O, TYPE;23
уша;BRAND, O, TYPE;23
водите;O, TYPE;23
зи;BRAND, TYPE;23
▁кола;BRAND, O, TYPE;23
ща;BRAND, O, TYPE;22
ее;BRAND, O, TYPE;22
сок;BRAND, O, TYPE;22
нное;O, TYPE;22
лык;O, TYPE;22
би;BRAND, O, TYPE;22
▁стек;O, TYPE;22
сады;BRAND, O;22
овка;BRAND, TYPE;22
▁vi;BRAND, TYPE;22
ош;BRAND, O, TYPE;22
кус;BRAND, TYPE;22
рк;BRAND, O, TYPE;22
еж;BRAND, O, TYPE;22
жа;BRAND, O, TYPE;22
an;BRAND, O;22
▁дра;O, TYPE;22
▁свежи;O, TYPE;22
▁chi;BRAND, O;22
фор;BRAND, TYPE;22
▁анти;BRAND, TYPE;22
▁холод;BRAND, O, TYPE;21
иц;O, TYPE;21
тр;BRAND, O, TYPE;21
▁кро;BRAND, O, TYPE;21
▁кр;O, TYPE;21
кре;BRAND, TYPE;21
ез;BRAND, O, TYPE;21
▁бо;BRAND, TYPE;21
▁мали;BRAND, O, TYPE;21
зы;O, TYPE;21
фу;BRAND, O, TYPE;21
▁коло;BRAND, TYPE;21
▁вы;O, TYPE;21
мб;BRAND, O, TYPE;21
▁ва;O, TYPE;21
▁ам;BRAND, O;21
▁кревет;O, TYPE;21
▁зап;O, TYPE;21
км;BRAND, O, TYPE;21
▁сер;BRAND, TYPE;21
пин;BRAND, TYPE;21
дон;BRAND, TYPE;21
▁мин;O, TYPE;21
▁al;BRAND, TYPE;21
нина;O, TYPE;21
▁гра;BRAND, TYPE;21
▁марк;BRAND, TYPE;21
поль;BRAND, TYPE;20
▁ти;BRAND, O, TYPE;20
▁сем;BRAND, TYPE;20
пел;O, TYPE;20
оли;BRAND, O, TYPE;20
ств;BRAND, O, TYPE;20
ить;O, TYPE;20
▁завтра;BRAND, O, TYPE;20
кон;BRAND, O, TYPE;20
ао;O, TYPE;20
ян;BRAND, TYPE;20
энд;BRAND, TYPE;20
▁яго;O, TYPE;20
▁хот;BRAND, O, TYPE;20
on;BRAND, O;20
ской;BRAND, O, TYPE;20
ач;O, TYPE;20
вай;BRAND, TYPE;20
▁хе;O, TYPE;20
тел;BRAND, TYPE;20
▁вол;BRAND, O, TYPE;20
нца;O, TYPE;20
▁анан;O, TYPE;20
енное;O, TYPE;20
▁no;BRAND, O;20
▁ав;BRAND, O, TYPE;19
кро;O, TYPE;19
евой;O, TYPE;19
▁просто;BRAND, TYPE;19
об;BRAND, TYPE;19
ber;BRAND, TYPE;19
';BRAND, TYPE;19
из;BRAND, O, TYPE;19
▁ри;BRAND, O, TYPE;19
пека;BRAND, O, TYPE;19
сик;O, TYPE;19
▁вас;BRAND, TYPE;19
лька;BRAND, TYPE;19
лат;BRAND, TYPE;19
ках;O, TYPE;19
дел;BRAND, TYPE;19
ари;BRAND, TYPE;19
▁смо;BRAND, O, TYPE;19
▁селян;BRAND, TYPE;19
лка;BRAND, TYPE;19
оне;O, TYPE;19
мал;BRAND, TYPE;19
уст;BRAND, O, TYPE;19
▁бор;BRAND, O, TYPE;19
руч;BRAND, O, TYPE;19
▁добро;BRAND, TYPE;19
ью;BRAND, O, TYPE;19
ел;BRAND, O, TYPE;19
▁коктейл;O, TYPE;19
ический;BRAND, TYPE;19
лай;BRAND, O, TYPE;19
▁плов;O, TYPE;19
▁спец;O, TYPE;19
аци;BRAND, TYPE;19
ич;BRAND, TYPE;19
мин;BRAND, O, TYPE;19
шени;O, TYPE;19
▁там;BRAND, O, TYPE;19
тей;BRAND, TYPE;19
гов;BRAND, O, TYPE;18
бе;BRAND, O, TYPE;18
ол;BRAND, TYPE;18
миш;BRAND, TYPE;18
коль;BRAND, TYPE;18
му;BRAND, O, TYPE;18
no;BRAND, O;18
хи;O, TYPE;18
▁собак;O, TYPE;18
жка;BRAND, TYPE;18
вин;BRAND, O, TYPE;18
альная;BRAND, TYPE;18
▁сам;BRAND, O, TYPE;18
▁чист;BRAND, O, TYPE;18
▁подс;O, TYPE;18
руб;O, TYPE;18
нер;BRAND, TYPE;18
кр;O, TYPE;18
ро;BRAND, O, TYPE;18
кое;BRAND, O, TYPE;18
мар;BRAND, O, TYPE;18
тики;O, TYPE;18
мус;O, TYPE;18
лини;BRAND, TYPE;18
ени;BRAND, O, TYPE;18
▁рук;O, TYPE;18
бели;BRAND, TYPE;18
дель;BRAND, TYPE;18
аль;BRAND, TYPE;18
h;BRAND, TYPE;17
рова;BRAND, O, TYPE;17
чин;BRAND, O, TYPE;17
ур;BRAND, TYPE;17
шко;BRAND, O, TYPE;17
▁лед;O, TYPE;17
▁c;BRAND, O, TYPE;17
▁ком;BRAND, O, TYPE;17
голов;BRAND, TYPE;17
жно;O, TYPE;17
нец;BRAND, TYPE;17
ёр;BRAND, O, TYPE;17
ед;BRAND, O, TYPE;17
мил;BRAND, TYPE;17
чески;O, TYPE;17
ек;O, TYPE;17
▁пес;O, TYPE;17
оро;O, TYPE;17
▁глаз;O, TYPE;17
ic;BRAND, O;17
атор;BRAND, TYPE;17
▁эне;BRAND, TYPE;17
чок;BRAND, TYPE;17
ду;BRAND, TYPE;17
нок;O, TYPE;17
ак;O, TYPE;17
▁короб;O, TYPE;17
▁уни;BRAND, O, TYPE;17
кин;BRAND, TYPE;17
перс;BRAND, TYPE;17
▁тер;O, TYPE;17
▁mi;BRAND, O;17
m;BRAND, O, TYPE;17
енка;BRAND, O, TYPE;17
ря;BRAND, O, TYPE;17
лик;BRAND, TYPE;17
▁ше;BRAND, O, TYPE;17
ного;BRAND, O, TYPE;16
▁сала;BRAND, O, TYPE;16
лок;BRAND, O, TYPE;16
нда;BRAND, O, TYPE;16
▁m;BRAND, O;16
рф;BRAND, O, TYPE;16
пс;BRAND, O, TYPE;16
▁детска;O, TYPE;16
лем;O, TYPE;16
ого;O, TYPE;16
иро;O, TYPE;16
▁пита;BRAND, O, TYPE;16
ор;O, TYPE;16
▁купа;O, TYPE;16
рон;BRAND, TYPE;16
лава;BRAND, TYPE;16
жела;O, TYPE;16
▁le;BRAND, O;16
▁cho;BRAND, TYPE;16
въ;BRAND, O, TYPE;16
бур;O, TYPE;16
нт;BRAND, TYPE;16
▁пиво;O, TYPE;16
душ;BRAND, TYPE;16
▁марш;BRAND, TYPE;16
▁дар;BRAND, TYPE;16
ем;BRAND, O, TYPE;16
нат;BRAND, O, TYPE;16
▁см;BRAND, O, TYPE;16
теп;BRAND, TYPE;16
рв;BRAND, TYPE;16
жин;BRAND, O, TYPE;16
▁осве;O, TYPE;16
ут;BRAND, O, TYPE;16
▁экс;BRAND, TYPE;15
▁ск;BRAND, O, TYPE;15
екс;BRAND, O, TYPE;15
ора;O, TYPE;15
лип;BRAND, TYPE;15
▁мир;BRAND, TYPE;15
ока;O, TYPE;15
бы;BRAND, TYPE;15
тра;BRAND, TYPE, VOLUME;15
▁цель;O, TYPE;15
▁натуральн;O, TYPE;15
чков;O, TYPE;15
рик;BRAND, TYPE;15
ti;BRAND, O;15
рис;BRAND, TYPE;15
ну;BRAND, TYPE;15
b;BRAND, TYPE;15
дук;BRAND, O, TYPE;15
ном;O, TYPE;15
▁пище;O, TYPE;15
уа;BRAND, TYPE;15
▁быстро;BRAND, O, TYPE;15
пр;BRAND, O, TYPE;15
тов;BRAND, O, TYPE;15
рем;BRAND, O, TYPE;15
уш;BRAND, O, TYPE;15
ge;BRAND, O, TYPE;15
ран;BRAND, O, TYPE;15
▁кет;BRAND, O, TYPE;15
ах;O, TYPE;15
os;BRAND, TYPE;15
овки;BRAND, O, TYPE;15
ство;O, TYPE;15
вка;BRAND, TYPE;15
▁лак;O, TYPE;15
од;O, TYPE;15
юр;BRAND, TYPE;15
енный;O, TYPE;14
▁свято;BRAND, O, TYPE;14
инка;BRAND, TYPE;14
ост;BRAND, O, TYPE;14
лю;BRAND, TYPE;14
▁свр;O, TYPE;14
пл;O, TYPE;14
бан;BRAND, TYPE;14
дл;O, TYPE;14
▁лако;BRAND, TYPE;14
▁горя;BRAND, O, TYPE;14
rio;BRAND, O;14
▁рос;BRAND, TYPE;14
▁печ;O, TYPE;14
▁ап;BRAND, O, TYPE;14
▁смес;O, TYPE;14
дра;BRAND, TYPE;14
вица;BRAND, TYPE;14
▁од;O, TYPE;14
ния;BRAND, O, TYPE;14
вол;O, TYPE;14
пер;BRAND, TYPE;14
зар;BRAND, O, TYPE;14
▁це;O, TYPE;14
уп;BRAND, TYPE;14
ных;O, TYPE;14
el;BRAND, O;14
ями;O, TYPE;14
▁мой;BRAND, TYPE;14
фа;BRAND, O, TYPE;14
нах;O, TYPE;14
p;BRAND, TYPE;14
мор;BRAND, O, TYPE;14
▁аромат;O, TYPE;13
тя;BRAND, O, TYPE;13
зна;BRAND, TYPE;13
муш;BRAND, TYPE;13
тери;O, TYPE;13
еви;O, TYPE;13
▁bo;BRAND, O;13
te;BRAND, O, TYPE;13
▁дома;O, TYPE;13
▁свеж;BRAND, O, TYPE;13
бру;BRAND, O, TYPE;13
дер;O, TYPE;13
▁ar;BRAND, O;13
ста;BRAND, O, TYPE;13
манда;BRAND, O, TYPE;13
ера;O, TYPE;13
вок;O, TYPE;13
дя;BRAND, O;13
▁сл;O, TYPE;13
ром;BRAND, TYPE;13
▁чудо;BRAND, TYPE;13
▁кала;BRAND, TYPE;13
▁добры;BRAND, O;13
улы;O, TYPE;13
▁море;BRAND, O, TYPE;13
ично;BRAND, TYPE;13
фил;BRAND, TYPE;13
▁кал;BRAND, O, TYPE;13
оль;BRAND, O, TYPE;13
пт;O, TYPE;13
бр;BRAND, O, TYPE;13
оз;O, TYPE;13
жж;O, TYPE;13
▁хо;BRAND, O, TYPE;13
утил;BRAND, TYPE;13
лиз;BRAND, TYPE;13
▁прочее;O, TYPE;13
осо;BRAND, O, TYPE;13
▁готовы;O, TYPE;13
бор;BRAND, O, TYPE;13
тен;BRAND, TYPE;13
ар;BRAND, TYPE;13
▁мл;O, TYPE;13
ял;BRAND, TYPE;13
▁аб;BRAND, O, TYPE;13
нчо;O, TYPE;13
чел;BRAND, TYPE;13
лов;BRAND, O, TYPE;12
рек;O, TYPE;12
ань;BRAND, O, TYPE;12
щи;BRAND, O, TYPE;12
цкий;BRAND, O, TYPE;12
v;BRAND, O;12
▁поль;BRAND, O;12
▁bar;BRAND, TYPE;12
▁боро;BRAND, TYPE;12
лек;BRAND, TYPE;12
ели;BRAND, TYPE;12
sko;BRAND, O;12
▁обу;O, TYPE;12
хо;O, TYPE;12
▁волос;O, TYPE;12
сон;BRAND, TYPE;12
▁пор;O, TYPE;12
▁источник;BRAND, O;12
фэ;BRAND, TYPE;12
ичка;O, TYPE;12
▁2;O, VOLUME;12
▁цвет;O, TYPE;12
рок;O, TYPE;12
▁ак;BRAND, O, TYPE;12
рак;BRAND, TYPE;12
шин;BRAND, TYPE;12
ваш;BRAND, TYPE;12
вор;O, TYPE;12
ела;BRAND, TYPE;12
лён;BRAND, TYPE;12
ней;O, TYPE;12
go;BRAND, TYPE;12
йн;BRAND, TYPE;12
кова;O, TYPE;12
▁гл;BRAND, O, TYPE;12
ров;BRAND, O, TYPE;12
▁салата;O, TYPE;12
ена;BRAND, O, TYPE;12
ван;BRAND, O, TYPE;12
тро;O, TYPE;12
карбон;BRAND, TYPE;12
льны;BRAND, TYPE;12
лес;O, TYPE;12
рка;BRAND, O, TYPE;12
▁кух;BRAND, O, TYPE;12
овский;BRAND, O, TYPE;12
мп;BRAND, TYPE;12
▁рус;BRAND, O, TYPE;12
▁лав;BRAND, O, TYPE;12
▁зла;O, TYPE;12
▁три;BRAND, O, TYPE;12
мена;O, TYPE;12
сов;BRAND, O, TYPE;12
▁кле;BRAND, O, TYPE;12
ино;BRAND, TYPE;12
кис;BRAND, TYPE;12
▁жир;O, TYPE;12
▁пле;BRAND, O, TYPE;11
▁ni;BRAND, O;11
▁реп;O, TYPE;11
ета;BRAND, TYPE;11
li;BRAND, O;11
▁ультра;BRAND, TYPE;11
мыл;O, TYPE;11
ницы;O, TYPE;11
▁пол;O, TYPE;11
▁муж;O, TYPE;11
▁бер;BRAND, O, TYPE;11
рма;BRAND, TYPE;11
ана;BRAND, TYPE;11
▁na;BRAND, O;11
ип;O, TYPE;11
рс;BRAND, TYPE;11
тира;O, TYPE;11
чу;BRAND, TYPE;11
▁пла;O, TYPE;11
ol;BRAND, TYPE;11
еш;BRAND, TYPE;11
док;BRAND, TYPE;11
ne;BRAND, TYPE;11
▁чу;BRAND, TYPE;11
мит;BRAND, O, TYPE;11
▁жел;BRAND, TYPE;11
▁аль;BRAND, TYPE;11
▁fish;BRAND, TYPE;11
бро;O, TYPE;11
лев;BRAND, TYPE;11
7;BRAND, O, TYPE;11
рд;BRAND, TYPE;11
ория;BRAND, TYPE;11
▁все;BRAND, O;11
▁фо;BRAND, TYPE;11
ice;BRAND, TYPE;11
тно;BRAND, O, TYPE;11
джи;BRAND, TYPE;11
ерге;O, TYPE;11
▁сла;BRAND, TYPE;11
ури;O, TYPE;11
рог;BRAND, TYPE;11
лл;O, TYPE;11
\;BRAND, TYPE;11
▁mil;BRAND, TYPE;11
нский;BRAND, TYPE;11
▁ел;BRAND, O;11
▁1;BRAND, PERCENT, VOLUME;11
▁сир;O, TYPE;11
▁инди;BRAND, TYPE;11
бата;BRAND, TYPE;11
ители;O, TYPE;11
rov;BRAND, O;11
▁сар;BRAND, TYPE;11
▁кас;BRAND, TYPE;11
▁co;BRAND, O, TYPE;11
▁чеч;O, TYPE;11
кет;BRAND, O, TYPE;11
2;O, TYPE;10
▁ни;BRAND, O, TYPE;10
фри;O, TYPE;10
▁ды;BRAND, O, TYPE;10
оло;O, TYPE;10
вл;O, TYPE;10
z;BRAND, O, TYPE;10
▁гар;BRAND, TYPE;10
▁подо;O, TYPE;10
ками;O, TYPE;10
жо;BRAND, TYPE;10
сен;BRAND, O, TYPE;10
ички;O, TYPE;10
она;BRAND, O, TYPE;10
ыч;BRAND, TYPE;10
▁che;BRAND, TYPE;10
чна;O, TYPE;10
фин;O, TYPE;10
▁3;BRAND, PERCENT, TYPE, VOLUME;10
еле;BRAND, O, TYPE;10
сом;O, TYPE;10
ют;BRAND, O, TYPE;10
тэ;BRAND, TYPE;10
тар;BRAND, TYPE;10
ес;BRAND, TYPE;10
ролик;O, TYPE;10
in;BRAND, O;10
▁пя;BRAND, TYPE;10
▁in;BRAND, O;10
re;BRAND, O;10
▁ски;BRAND, O;10
гам;O, TYPE;10
чек;O, TYPE;10
зел;BRAND, TYPE;10
нц;BRAND, TYPE;10
ио;BRAND, O, TYPE;10
тика;BRAND, O, TYPE;10
лч;O, TYPE;10
ся;O, TYPE;10
ьные;BRAND, O, TYPE;10
▁десерт;O, TYPE;10
▁o;BRAND, O;10
g;BRAND, O;10
ам;BRAND, O, TYPE;10
▁ve;BRAND, TYPE;10
льд;BRAND, TYPE;10
▁бре;BRAND, O, TYPE;10
▁fruit;BRAND, TYPE;10
юм;O, TYPE;10
fe;BRAND, O;10
мон;BRAND, TYPE;10
рва;BRAND, O, TYPE;10
▁мах;BRAND, TYPE;10
дю;BRAND, TYPE;10
▁бра;BRAND, TYPE;9
оре;BRAND, O, TYPE;9
3;BRAND, TYPE;9
▁буд;BRAND, TYPE;9
▁пл;O, TYPE;9
бон;BRAND, TYPE;9
люк;O, TYPE;9
лены;O, TYPE;9
▁ат;BRAND, O, TYPE;9
уль;BRAND, TYPE;9
en;BRAND, TYPE;9
▁гала;BRAND, O, TYPE;9
ице;O, TYPE;9
зен;BRAND, TYPE;9
ri;BRAND, O;9
дет;O, TYPE;9
рен;BRAND, TYPE;9
▁мен;BRAND, TYPE;9
вес;O, TYPE;9
бры;O, TYPE;9
(;BRAND, TYPE;9
▁бази;O, TYPE;9
ога;BRAND, TYPE;9
▁цар;BRAND, TYPE;9
d;BRAND, O, TYPE;9
анд;BRAND, TYPE;9
цев;O, TYPE;9
мак;BRAND, TYPE;9
тина;BRAND, TYPE;9
вей;BRAND, TYPE;9
un;BRAND, O;9
▁te;BRAND, O;9
▁бат;BRAND, TYPE;9
ë;BRAND, O, TYPE;9
▁полос;O, TYPE;9
▁хор;BRAND, TYPE;9
▁душа;BRAND, O;9
ови;BRAND, TYPE;9
ьян;BRAND, TYPE;9
▁земля;BRAND, TYPE;9
нин;BRAND, O, TYPE;9
▁мал;BRAND, O, TYPE;9
бек;BRAND, O, TYPE;9
нг;O, TYPE;9
▁кам;O, TYPE;9
▁класс;BRAND, TYPE;9
▁5;O, VOLUME;9
ите;BRAND, TYPE;9
8;O, TYPE;9
▁эс;BRAND, TYPE;9
фили;BRAND, TYPE;9
▁руб;BRAND, O, TYPE;9
▁птиц;BRAND, O, TYPE;9
ke;BRAND, TYPE;9
быт;BRAND, O, TYPE;9
дог;O, TYPE;9
рост;BRAND, TYPE;9
як;BRAND, TYPE;9
еров;O, TYPE;9
▁fru;BRAND, TYPE;9
евски;BRAND, TYPE;9
▁do;BRAND, TYPE;9
▁дом;BRAND, TYPE;8
тур;BRAND, TYPE;8
▁ир;BRAND, TYPE;8
ата;O, TYPE;8
сла;BRAND, O, TYPE;8
кад;BRAND, TYPE;8
бер;BRAND, TYPE;8
▁жур;BRAND, TYPE;8
сал;BRAND, TYPE;8
▁оста;BRAND, TYPE;8
ай;BRAND, TYPE;8
кан;BRAND, O, TYPE;8
▁ши;O, TYPE;8
▁бал;BRAND, TYPE;8
▁ры;BRAND, O, TYPE;8
алы;O, TYPE;8
▁ара;BRAND, O, TYPE;8
▁z;BRAND, O, TYPE;8
нская;BRAND, TYPE;8
▁золото;BRAND, O, TYPE;8
эль;BRAND, TYPE;8
▁кв;O, TYPE;8
ево;BRAND, TYPE;8
пен;BRAND, TYPE;8
▁mix;BRAND, TYPE;8
при;BRAND, O, TYPE;8
гор;BRAND, O, TYPE;8
▁тек;O, TYPE;8
жиг;BRAND, O, TYPE;8
продукт;BRAND, O, TYPE;8
тив;BRAND, O, TYPE;8
рге;O, TYPE;8
тор;BRAND, TYPE;8
▁гуля;O, TYPE;8
▁sa;BRAND, O;8
ний;O, TYPE;8
чке;BRAND, O, TYPE;8
́;O, TYPE;8
▁сладки;O, TYPE;8
три;BRAND, O, TYPE;8
ланд;BRAND, TYPE;8
жу;O, TYPE;8
кун;O, TYPE;8
тук;BRAND, TYPE;8
ток;BRAND, O, TYPE;8
▁лаз;O, TYPE;8
▁др;O, TYPE;8
лена;O, TYPE;8
зеркал;O, TYPE;8
▁сладко;BRAND, O, TYPE;8
▁pan;BRAND, O;8
▁salt;BRAND, TYPE;8
▁куб;BRAND, TYPE;8
язан;BRAND, TYPE;8
▁маг;BRAND, TYPE;8
дов;BRAND, TYPE;8
ири;BRAND, O, TYPE;8
лля;O, TYPE;8
▁l;BRAND, O;8
тров;BRAND, TYPE, VOLUME;8
ние;O, TYPE;8
▁национал;BRAND, TYPE;8
ндер;BRAND, TYPE;8
▁масса;BRAND, O, TYPE;8
▁зо;BRAND, O, TYPE;8
zo;BRAND, TYPE;8
▁гол;BRAND, TYPE;8
басы;BRAND, TYPE;8
pe;BRAND, TYPE;8
▁лес;BRAND, O, TYPE;8
сво;BRAND, O, TYPE;8
▁рост;BRAND, TYPE;8
лис;BRAND, O, TYPE;8
пов;O, TYPE;8
▁село;BRAND, O, TYPE;8
рш;O, TYPE;8
▁стерил;O, TYPE;8
▁дерев;BRAND, O, TYPE;8
▁жар;O, TYPE;8
▁термо;BRAND, TYPE;8
▁mo;BRAND, TYPE;7
ём;BRAND, TYPE;7
янка;O, TYPE;7
пус;O, TYPE;7
▁хол;O, TYPE;7
▁expon;BRAND, TYPE;7
▁ус;BRAND, O, TYPE;7
▁nem;BRAND, TYPE;7
▁комфорт;BRAND, TYPE;7
анг;BRAND, TYPE;7
инг;BRAND, TYPE;7
▁станция;BRAND, O;7
лни;BRAND, TYPE;7
▁пос;O, TYPE;7
фини;O, TYPE;7
▁линия;BRAND, TYPE;7
еб;BRAND, TYPE;7
вис;BRAND, O, TYPE;7
инов;BRAND, O, TYPE;7
nic;BRAND, TYPE;7
▁ол;BRAND, O, TYPE;7
ешь;O, TYPE;7
кие;O, TYPE;7
▁сп;BRAND, O, TYPE;7
вари;BRAND, TYPE;7
▁кри;BRAND, O, TYPE;7
им;BRAND, TYPE;7
▁ким;BRAND, O, TYPE;7
▁баб;BRAND, TYPE;7
le;BRAND, O;7
ище;BRAND, TYPE;7
▁мороз;BRAND, TYPE;7
ект;BRAND, TYPE;7
нист;BRAND, TYPE;7
ho;BRAND, TYPE;7
яр;O, TYPE;7
мед;BRAND, TYPE;7
▁ор;BRAND, O, TYPE;7
тал;BRAND, TYPE;7
ых;O, TYPE;7
▁ca;BRAND, O;7
▁to;BRAND, O, TYPE;7
кот;O, TYPE;7
спар;BRAND, TYPE;7
▁пати;O, TYPE;7
яс;BRAND, O, TYPE;7
ева;BRAND, TYPE;7
▁стол;O, TYPE;7
сник;BRAND, TYPE;7
▁pr;BRAND, O;7
▁тос;BRAND, O, TYPE;7
ъ;O, TYPE;7
ости;BRAND, TYPE;7
▁эр;BRAND, TYPE;7
▁руко;O, TYPE;7
▁gras;BRAND, TYPE;7
▁i;BRAND, TYPE;7
▁плен;O, TYPE;7
пинг;BRAND, TYPE;7
ава;BRAND, O, TYPE;7
▁energy;BRAND, TYPE;7
▁lai;BRAND, O;7
лика;O, TYPE;7
еры;O, TYPE;7
шту;BRAND, TYPE;7
мок;BRAND, TYPE;7
▁смак;BRAND, TYPE;7
mi;BRAND, O;7
росс;BRAND, TYPE;7
is;BRAND, TYPE;7
лит;BRAND, TYPE;7
▁уг;O, TYPE;7
ох;O, TYPE;7
▁микро;O, TYPE;7
▁global;BRAND, O;7
▁om;BRAND, O;7
va;BRAND, TYPE;7
чие;O, TYPE;7
▁арт;BRAND, TYPE;7
▁соба;O, TYPE;7
▁само;BRAND, TYPE;6
чник;BRAND, TYPE;6
▁svi;BRAND, O;6
▁лок;O, TYPE;6
вод;BRAND, O, TYPE;6
▁полов;O, TYPE;6
кам;O, TYPE;6
гон;BRAND, TYPE;6
шу;O, TYPE;6
▁плит;O, TYPE;6
▁комби;O, TYPE;6
ll;BRAND, TYPE;6
лян;O, TYPE;6
▁груди;O, TYPE;6
пек;O, TYPE;6
цей;O, TYPE;6
ачка;O, TYPE;6
▁лег;BRAND, TYPE;6
▁be;BRAND, O;6
той;BRAND, O, TYPE;6
рх;BRAND, TYPE;6
▁юбилей;BRAND, TYPE;6
вания;O, TYPE;6
лон;BRAND, TYPE;6
лим;BRAND, TYPE;6
time;BRAND, O;6
w;BRAND, O;6
рб;O, TYPE;6
▁жив;O, TYPE;6
эн;BRAND, TYPE;6
рос;BRAND, O, TYPE;6
чан;BRAND, TYPE;6
+;BRAND, TYPE;6
▁van;BRAND, O;6
▁зав;O, TYPE;6
or;BRAND, O;6
уда;O, TYPE;6
рели;O, TYPE;6
▁one;BRAND, O;6
ням;O, TYPE;6
зол;BRAND, TYPE;6
ffe;BRAND, TYPE;6
▁бутыл;O, TYPE;6
твер;O, TYPE;6
es;BRAND, TYPE;6
гуш;BRAND, TYPE;6
соб;O, TYPE;6
пач;O, TYPE;6
ору;BRAND, O, TYPE;6
що;O, TYPE;6
▁суд;O, TYPE;6
цел;BRAND, TYPE;6
ене;O, TYPE;6
дея;BRAND, TYPE;6
▁мр;O, TYPE;6
даль;BRAND, O, TYPE;6
▁кир;BRAND, TYPE;6
есс;O, TYPE;6
▁b;BRAND, O;6
реж;BRAND, O, TYPE;6
▁спе;BRAND, TYPE;6
▁шиш;BRAND, O;6
лоо;BRAND, TYPE;6
дри;BRAND, TYPE;6
але;O, TYPE;6
▁эп;BRAND, O, TYPE;6
▁ала;BRAND, O, TYPE;6
▁j;BRAND, O;6
вид;O, TYPE;6
▁y;BRAND, TYPE;6
▁пик;BRAND, TYPE;6
альных;O, TYPE;6
тры;BRAND, TYPE;6
очной;O, TYPE;6
мила;BRAND, TYPE;6
када;BRAND, TYPE;6
ированы;O, TYPE;6
▁глав;BRAND, TYPE;6
шне;O, TYPE;6
год;BRAND, O, TYPE;6
эт;BRAND, TYPE;6
лый;O, TYPE;6
sh;BRAND, O;6
агу;BRAND, TYPE;6
сны;O, TYPE;6
фер;BRAND, TYPE;6
▁ан;O, TYPE;6
ико;BRAND, O, TYPE;6
▁ber;BRAND, O;6
▁приготовлен;O, TYPE;6
▁российский;BRAND, TYPE;6
нис;BRAND, TYPE;6
▁жас;O, TYPE;6
▁средств;O, TYPE;6
аг;BRAND, TYPE;6
▁пам;BRAND, TYPE;6
нце;O, TYPE;6
лада;BRAND, TYPE;6
зан;BRAND, TYPE;6
нски;BRAND, O, TYPE;6
▁w;BRAND, TYPE;6
ав;BRAND, TYPE;6
эл;BRAND, TYPE;6
так;O, TYPE;6
▁вис;BRAND, TYPE;6
оча;BRAND, O, TYPE;6
кло;O, TYPE;6
роди;O, TYPE;6
ены;O, TYPE;5
▁его;BRAND, O, TYPE;5
сыз;BRAND, O;5
чей;O, TYPE;5
▁ne;BRAND, O, TYPE;5
льская;BRAND, TYPE;5
руж;BRAND, TYPE;5
▁milk;BRAND, TYPE;5
руба;O, TYPE;5
▁аква;BRAND, TYPE;5
▁фла;BRAND, TYPE;5
ива;BRAND, TYPE;5
▁расс;O, TYPE;5
газ;O, TYPE;5
▁акт;BRAND, TYPE;5
▁нар;BRAND, O, TYPE;5
▁she;BRAND, O;5
▁ri;BRAND, O;5
ям;O, TYPE;5
тиш;BRAND, TYPE;5
▁отбор;O, TYPE;5
ике;BRAND, O, TYPE;5
мала;BRAND, TYPE;5
▁mos;BRAND, O;5
▁электро;O, TYPE;5
чье;BRAND, O, TYPE;5
▁желез;BRAND, TYPE;5
▁za;BRAND, O;5
ers;BRAND, O;5
кир;BRAND, TYPE;5
▁ал;BRAND, O, TYPE;5
фан;BRAND, TYPE;5
мер;BRAND, TYPE;5
держ;O, TYPE;5
▁тон;BRAND, TYPE;5
юн;BRAND, TYPE;5
жите;O, TYPE;5
маш;BRAND, TYPE;5
▁шу;O, TYPE;5
▁лов;O, TYPE;5
зик;BRAND, TYPE;5
▁чо;BRAND, TYPE;5
яка;BRAND, TYPE;5
ман;BRAND, O, TYPE;5
ало;BRAND, TYPE;5
▁нос;BRAND, TYPE;5
учи;O, TYPE;5
жени;O, TYPE;5
раг;O, TYPE;5
лс;BRAND, O, TYPE;5
ok;BRAND, TYPE;5
рман;BRAND, TYPE;5
мас;BRAND, TYPE;5
ff;BRAND, O;5
▁сад;O, TYPE;5
ида;BRAND, TYPE;5
▁актив;BRAND, TYPE;5
рес;BRAND, O, TYPE;5
ома;BRAND, TYPE;5
град;BRAND, TYPE;5
▁бабу;BRAND, TYPE;5
фар;BRAND, TYPE;5
▁одежды;O, TYPE;5
da;BRAND, O;5
бре;BRAND, TYPE;5
▁очи;O, TYPE;5
фт;BRAND, TYPE;5
ег;O, TYPE;5
матов;BRAND, TYPE;5
чкой;O, TYPE;5
ити;BRAND, TYPE;5
▁свет;BRAND, TYPE;5
▁ля;O, TYPE;5
j;BRAND, O;5
▁роман;BRAND, O, TYPE;5
плик;BRAND, O, TYPE;5
▁столичн;BRAND, TYPE;5
▁малыш;BRAND, O, TYPE;5
▁body;BRAND, O;5
▁корен;BRAND, O, TYPE;5
▁шап;BRAND, TYPE;5
▁звезд;BRAND, TYPE;5
▁лица;O, TYPE;5
лж;BRAND, TYPE;5
лд;O, TYPE;5
аб;O, TYPE;5
ki;BRAND, O;5
▁тал;O, TYPE;5
аш;BRAND, TYPE;5
▁village;BRAND, O;5
хов;BRAND, TYPE;5
▁мер;BRAND, TYPE;5
);BRAND, TYPE;5
▁водо;O, TYPE;5
том;O, TYPE;5
▁пак;O, TYPE;5
имо;BRAND, TYPE;5
▁ху;O, TYPE;5
руд;O, TYPE;5
мс;BRAND, TYPE;5
▁сен;BRAND, TYPE;5
ори;BRAND, O, TYPE;5
▁темп;BRAND, TYPE;5
стро;BRAND, TYPE;5
▁пчел;BRAND, TYPE;5
мба;BRAND, TYPE;5
▁машин;O, TYPE;5
ист;BRAND, O, TYPE;5
шев;BRAND, TYPE;5
няя;O, TYPE;5
коро;BRAND, TYPE;5
ya;BRAND, O;5
ело;BRAND, O, TYPE;5
воздушн;O, TYPE;5
▁clean;BRAND, O;5
арх;BRAND, TYPE;5
бит;BRAND, TYPE;5
лаг;BRAND, TYPE;5
ент;BRAND, TYPE;5
▁рам;BRAND, TYPE;5
риб;BRAND, TYPE;5
▁кости;O, TYPE;4
лан;BRAND, TYPE;4
▁шер;BRAND, O;4
▁mal;BRAND, TYPE;4
▁ял;O, TYPE;4
▁sho;BRAND, O;4
ср;O, TYPE;4
▁mik;BRAND, TYPE;4
▁бой;BRAND, TYPE;4
восточн;BRAND, O, TYPE;4
▁ур;O, TYPE;4
стре;BRAND, TYPE;4
ичен;BRAND, TYPE;4
ha;BRAND, TYPE;4
зд;O, TYPE;4
ыт;O, TYPE;4
ота;O, TYPE;4
▁друж;BRAND, TYPE;4
кас;BRAND, TYPE;4
▁рот;BRAND, TYPE;4
▁бы;O, TYPE;4
▁блюд;O, TYPE;4
ция;O, TYPE;4
чил;O, TYPE;4
ктор;BRAND, TYPE;4
чит;BRAND, TYPE;4
льский;BRAND, TYPE;4
▁дели;BRAND, TYPE;4
еро;BRAND, TYPE;4
▁r;BRAND, O;4
щий;O, TYPE;4
▁кое;O, TYPE;4
ини;BRAND, TYPE;4
▁so;BRAND, O;4
зов;BRAND, O;4
▁limon;BRAND, TYPE;4
чал;BRAND, TYPE;4
▁сан;BRAND, O;4
бере;BRAND, TYPE;4
py;BRAND, O, TYPE;4
▁карты;O, TYPE;4
дже;O, TYPE;4
пля;O, TYPE;4
ере;O, TYPE;4
▁що;O, TYPE;4
▁моя;BRAND, O, TYPE;4
орон;O, TYPE;4
пол;BRAND, TYPE;4
lly;BRAND, TYPE;4
▁яр;BRAND, TYPE;4
ck;BRAND, O;4
▁оз;BRAND, O, TYPE;4
▁fit;BRAND, TYPE;4
▁is;BRAND, O;4
▁духов;O, TYPE;4
ийски;BRAND, O, TYPE;4
ара;O, TYPE;4
инский;BRAND, TYPE;4
мина;BRAND, TYPE;4
▁баш;BRAND, O, TYPE;4
тица;BRAND, TYPE;4
фект;BRAND, TYPE;4
▁супер;BRAND, TYPE;4
▁жок;BRAND, TYPE;4
▁as;BRAND, TYPE;4
ими;BRAND, TYPE;4
▁эд;BRAND, TYPE;4
▁зелено;BRAND, TYPE;4
гол;BRAND, TYPE;4
кса;BRAND, TYPE;4
▁дам;O, TYPE;4
овер;O, TYPE;4
руп;O, TYPE;4
▁дур;O, TYPE;4
▁фитнес;O, TYPE;4
кел;BRAND, TYPE;4
▁цв;O, TYPE;4
ским;O, TYPE;4
▁x;BRAND, O, TYPE;4
нта;BRAND, TYPE;4
si;BRAND, O;4
маль;BRAND, TYPE;4
ola;BRAND, O;4
иков;BRAND, O, TYPE;4
▁бог;BRAND, TYPE;4
▁gi;BRAND, O;4
hi;BRAND, O;4
силь;O, TYPE;4
гри;BRAND, TYPE;4
me;BRAND, O;4
бой;O, TYPE;4
▁el;BRAND, O;4
▁op;BRAND, O;4
олог;BRAND, TYPE;4
цки;BRAND, O, TYPE;4
ву;O, TYPE;4
der;BRAND, O;4
малки;O, TYPE;4
лос;O, TYPE;4
богат;BRAND, TYPE;4
▁маш;BRAND, TYPE;4
лам;BRAND, TYPE;4
чего;O, TYPE;4
сси;BRAND, TYPE;4
▁ок;O, TYPE;4
▁ср;BRAND, O, TYPE;4
▁стр;O, TYPE;4
стки;O, TYPE;4
вых;O, TYPE;4
олот;BRAND, TYPE;4
сел;BRAND, TYPE;4
точ;O, TYPE;4
▁вып;O, TYPE;4
▁universal;BRAND, O;4
▁авто;O, TYPE;4
▁кеп;BRAND, TYPE;4
техник;O, TYPE;4
▁кг;O, VOLUME;4
▁проф;BRAND, TYPE;4
▁беле;BRAND, TYPE;4
риан;BRAND, TYPE;4
▁rex;BRAND, O;4
▁курс;BRAND, TYPE;4
лятор;O, TYPE;4
лече;O, TYPE;4
▁pul;BRAND, TYPE;4
▁як;BRAND, TYPE;4
сил;BRAND, TYPE;4
иф;BRAND, TYPE;4
нга;BRAND, TYPE;4
хе;BRAND, O, TYPE;4
▁коле;BRAND, O, TYPE;4
пед;O, TYPE;4
вал;BRAND, TYPE;4
сп;O, TYPE;4
▁укус;O, TYPE;4
▁дж;BRAND, TYPE;4
▁дуб;BRAND, TYPE;3
лах;O, TYPE;3
▁az;BRAND, O;3
▁d;BRAND, O;3
▁ваш;BRAND, O, TYPE;3
вле;O, TYPE;3
лиц;BRAND, TYPE;3
▁ет;O, TYPE;3
бок;O, TYPE;3
▁кино;O, TYPE;3
▁je;BRAND, TYPE;3
▁mol;BRAND, TYPE;3
кы;O, TYPE;3
яз;O, TYPE;3
▁км;BRAND, O, TYPE;3
клу;O, TYPE;3
они;BRAND, TYPE;3
di;BRAND, O;3
лана;BRAND, TYPE;3
нес;BRAND, TYPE;3
май;BRAND, TYPE;3
дым;BRAND, TYPE;3
▁ер;O, TYPE;3
▁флот;O, TYPE;3
тны;O, TYPE;3
▁хам;BRAND, O;3
ie;BRAND, O;3
▁ис;O, TYPE;3
хаар;O, TYPE;3
чай;BRAND, TYPE;3
▁стра;BRAND, TYPE;3
q;BRAND, TYPE;3
▁10;PERCENT, VOLUME;3
▁электр;O, TYPE;3
▁реф;BRAND, O, TYPE;3
лия;BRAND, TYPE;3
▁инте;BRAND, TYPE;3
ность;O, TYPE;3
▁карап;BRAND, TYPE;3
▁карма;BRAND, TYPE;3
хан;BRAND, TYPE;3
▁ночь;BRAND, O;3
▁вакуум;O, TYPE;3
ov;BRAND, O;3
▁спор;O, TYPE;3
▁двор;O, TYPE;3
▁сма;BRAND, TYPE;3
стан;BRAND, TYPE;3
▁bas;BRAND, O;3
▁первый;BRAND, TYPE;3
▁fa;BRAND, O;3
▁рр;BRAND, O;3
▁ближ;O, TYPE;3
ове;O, TYPE;3
ion;BRAND, O;3
se;BRAND, O;3
▁ласка;BRAND, TYPE;3
▁веро;BRAND, O, TYPE;3
▁au;BRAND, O;3
▁солнечн;BRAND, TYPE;3
лг;O, TYPE;3
▁балон;BRAND, TYPE;3
маа;BRAND, O, TYPE;3
бар;BRAND, TYPE;3
жна;O, TYPE;3
ner;BRAND, O;3
ul;BRAND, O;3
нти;O, TYPE;3
▁тис;BRAND, O;3
▁крут;BRAND, TYPE;3
кли;BRAND, TYPE;3
тия;BRAND, TYPE;3
▁банка;O, TYPE;3
▁край;BRAND, TYPE;3
саж;O, TYPE;3
▁моли;O, TYPE;3
ar;BRAND, O;3
▁любим;BRAND, O;3
▁русский;BRAND, O, TYPE;3
▁спорт;BRAND, TYPE;3
луш;BRAND, TYPE;3
▁ой;O, TYPE;3
яд;O, TYPE;3
гра;O, TYPE;3
▁en;BRAND, O;3
il;BRAND, TYPE;3
цка;O, TYPE;3
▁род;BRAND, TYPE;3
▁гли;O, TYPE;3
стры;O, TYPE;3
пли;BRAND, TYPE;3
▁тя;O, TYPE;3
▁юу;O, TYPE;3
▁oo;O, TYPE;3
▁dre;BRAND, O;3
стой;O, TYPE;3
стри;O, TYPE;3
мень;BRAND, TYPE;3
▁бланк;BRAND, TYPE;3
нет;BRAND, TYPE;3
аар;O, TYPE;3
бул;BRAND, TYPE;3
мир;BRAND, TYPE;3
лака;BRAND, O, TYPE;3
нят;O, TYPE;3
овых;O, TYPE;3
▁тук;O, TYPE;3
▁готов;O, TYPE;3
pa;BRAND, TYPE;3
чика;O, TYPE;3
▁бил;BRAND, TYPE;3
мур;BRAND, O;3
▁семей;BRAND, TYPE;3
▁пов;O, TYPE;3
кг;TYPE, VOLUME;3
дан;BRAND, TYPE;3
лина;BRAND, TYPE;3
▁музыка;O, TYPE;3
бна;O, TYPE;3
▁гори;O, TYPE;3
▁ад;BRAND, TYPE;3
mo;BRAND, TYPE;3
ничка;O, TYPE;3
рат;BRAND, TYPE;3
▁вр;O, TYPE;3
▁теле;BRAND, TYPE;3
▁есен;BRAND, TYPE;3
дад;BRAND, TYPE;3
▁energ;BRAND, TYPE;3
ума;BRAND, TYPE;3
▁став;BRAND, TYPE;3
гла;O, TYPE;3
▁ама;BRAND, TYPE;3
пси;BRAND, TYPE;3
ява;BRAND, O;3
▁fris;BRAND, O;3
ода;O, TYPE;3
аси;BRAND, TYPE;3
▁лет;O, TYPE;3
ука;BRAND, TYPE;3
цкая;BRAND, TYPE;3
иле;BRAND, TYPE;3
ly;BRAND, TYPE;3
мм;BRAND, TYPE;3
em;BRAND, O;3
loko;BRAND, TYPE;3
сме;O, TYPE;3
▁букет;BRAND, TYPE;3
▁большой;BRAND, O, VOLUME;3
▁олон;BRAND, TYPE;3
pol;BRAND, O;2
завод;BRAND, O;2
жим;O, TYPE;2
▁nemo;BRAND, TYPE;2
▁тур;O, TYPE;2
▁ge;BRAND, O;2
прес;BRAND, TYPE;2
вест;BRAND, TYPE;2
сим;BRAND, TYPE;2
рев;BRAND, TYPE;2
▁чува;BRAND, TYPE;2
so;BRAND, O;2
▁veg;BRAND, TYPE;2
мес;BRAND, O;2
▁зам;O, TYPE;2
рой;BRAND, TYPE;2
▁жа;O, TYPE;2
▁оно;O, TYPE;2
йс;O, TYPE;2
▁ач;O, TYPE;2
ctic;BRAND, TYPE;2
мотив;BRAND, TYPE;2
▁сни;BRAND, TYPE;2
▁роб;BRAND, TYPE;2
▁морски;BRAND, TYPE;2
▁sweet;BRAND, TYPE;2
▁eva;BRAND, O;2
▁энергия;BRAND, TYPE;2
шип;O, TYPE;2
кат;BRAND, TYPE;2
нска;O, TYPE;2
▁ход;O, TYPE;2
▁tvor;BRAND, TYPE;2
ogi;BRAND, TYPE;2
уд;BRAND, TYPE;2
▁пав;BRAND, TYPE;2
лар;BRAND, TYPE;2
▁aloe;BRAND, TYPE;2
инт;O, TYPE;2
vel;BRAND, O;2
тура;BRAND, TYPE;2
пет;O, TYPE;2
▁победа;BRAND, TYPE;2
шке;O, TYPE;2
дача;BRAND, TYPE;2
▁боль;O, TYPE;2
▁ol;BRAND, O;2
▁sla;BRAND, TYPE;2
▁мама;O, TYPE;2
лама;BRAND, O;2
дий;O, TYPE;2
таль;BRAND, O;2
два;BRAND, TYPE;2
▁престиж;BRAND, TYPE;2
▁tea;BRAND, TYPE;2
что;O, TYPE;2
▁ос;BRAND, TYPE;2
нси;O, TYPE;2
рна;O, TYPE;2
▁me;BRAND, TYPE;2
▁v;BRAND, O;2
pri;BRAND, O;2
▁искрен;BRAND, TYPE;2
▁6;BRAND, VOLUME;2
▁деп;O, TYPE;2
▁kul;O, TYPE;2
тау;BRAND, TYPE;2
▁прима;BRAND, TYPE;2
ce;BRAND, O;2
▁китайски;O, TYPE;2
ому;O, TYPE;2
лц;O, TYPE;2
▁ряд;O, TYPE;2
▁слаб;O, TYPE;2
эй;BRAND, TYPE;2
шим;BRAND, TYPE;2
▁7;TYPE, VOLUME;2
▁бут;O, TYPE;2
тке;O, TYPE;2
▁рай;BRAND, TYPE;2
чар;BRAND, TYPE;2
рыс;O, TYPE;2
приз;BRAND, TYPE;2
▁flor;BRAND, O;2
ировки;O, TYPE;2
▁проби;O, TYPE;2
ill;BRAND, TYPE;2
▁шк;O, TYPE;2
екты;O, TYPE;2
хаж;O, TYPE;2
▁pure;BRAND, TYPE;2
рви;BRAND, TYPE;2
tus;BRAND, O;2
▁буз;BRAND, TYPE;2
▁флеш;BRAND, TYPE;2
мис;BRAND, TYPE;2
▁автомат;O, TYPE;2
ац;BRAND, TYPE;2
▁ард;O, TYPE;2
▁мета;BRAND, TYPE;2
▁има;O, TYPE;2
▁элит;BRAND, TYPE;2
▁0;O, PERCENT;2
▁дан;BRAND, TYPE;2
аж;O, TYPE;2
сц;O, TYPE;2
▁соц;O, TYPE;2
▁мажите;BRAND, TYPE;2
▁cart;BRAND, O;2
дите;O, TYPE;2
▁наша;BRAND, O;2
бус;BRAND, TYPE;2
иком;O, TYPE;2
мест;BRAND, TYPE;2
ib;BRAND, O;2
пласт;BRAND, TYPE;2
ути;BRAND, TYPE;2
bb;BRAND, O;2
ттер;BRAND, TYPE;2
тю;O, TYPE;2
вана;O, TYPE;2
крил;O, TYPE;2
▁raz;BRAND, TYPE;2
▁can;BRAND, O;2
ален;BRAND, TYPE;2
тий;BRAND, TYPE;2
▁новый;O, TYPE;2
▁beer;BRAND, TYPE;2
▁радость;O, TYPE;2
кен;BRAND, TYPE;2
▁vin;BRAND, TYPE;2
▁прив;BRAND, TYPE;2
мос;BRAND, O;2
кана;BRAND, TYPE;2
sty;BRAND, TYPE;2
лица;O, TYPE;2
хай;BRAND, TYPE;2
кви;BRAND, TYPE;2
щенко;O, TYPE;2
bic;BRAND, O;2
нди;O, TYPE;2
▁minerale;BRAND, TYPE;2
▁sy;BRAND, O;2
вео;O, TYPE;2
ары;O, TYPE;2
guar;BRAND, O;2
▁исто;BRAND, O;2
дух;O, TYPE;2
▁рат;BRAND, TYPE;2
рит;BRAND, TYPE;2
бай;BRAND, TYPE;2
▁так;BRAND, O;2
▁важна;BRAND, O;2
▁fr;BRAND, TYPE;2
спер;BRAND, TYPE;2
ковски;BRAND, TYPE;2
pica;BRAND, TYPE;2
дик;BRAND, TYPE;2
▁маги;BRAND, TYPE;2
▁урожай;BRAND, O;2
ях;O, TYPE;2
▁сака;O, TYPE;2
